TECHNOLOGY_TYPEID,LEVEL,SERVICE,SERVICE_ID,DESC_ID,BUILDING_LEVEL,DEP_TECHNOLOGY_TYPEID,DEP_TECHNOLOGY_LEVEL,COIN,STONE,COST_TIME,EFFECT_ARMY_TYPEID,ATTACK_BOUNS,DEFENCE_BOUNS,HP_BOUNS,RESTRAIN_ARMY1_BOUNS,RESTRAIN_ARMY2_BOUNS
25001,1,1,0,225001,3,25001,0,0,0,4500,15001,38.8088,38.8088,2494.8532,0.0000,0.0000
25001,2,1,0,225001,6,25001,1,0,1087,7875,15001,57.5167,57.5167,3697.5005,0.0000,0.0000
25001,3,1,0,225001,9,25001,2,0,1729,13500,15001,77.8167,77.8167,5002.5007,0.0000,0.0000
25001,4,1,0,225001,12,25001,3,0,4466,33750,15001,98.1167,98.1167,6307.5010,0.0000,0.0000
25001,5,1,0,225001,15,25001,4,0,12583,81000,15001,118.4167,118.4167,7612.5013,0.0000,0.0000
25001,6,1,0,225001,18,25001,5,0,42310,135000,15001,138.7167,138.7167,8917.5015,0.0000,0.0000
25001,7,1,0,225001,21,25001,6,0,89756,202500,15001,159.0167,159.0167,10222.5018,0.0000,0.0000
25001,8,1,0,225001,24,25001,7,0,162130,270000,15001,182.7000,182.7000,11745.0021,0.0000,0.0000
25001,9,1,0,225001,27,25001,8,0,273509,351000,15001,206.3834,206.3834,13267.5024,0.0000,0.0000
25001,10,1,0,225001,30,25001,9,0,426577,432000,15001,230.0667,230.0667,14790.0027,0.0000,0.0000
25001,11,1,0,225001,33,25001,10,0,731472,513000,15001,253.7500,253.7500,16312.5030,0.0000,0.0000
25001,12,1,0,225001,36,25001,11,0,1067833,598500,15001,277.4334,277.4334,17835.0033,0.0000,0.0000
25001,13,1,0,225001,40,25001,12,0,1543725,693000,15001,301.1167,301.1167,19357.5036,0.0000,0.0000
25001,14,1,0,225001,45,25001,13,0,2255454,787500,15001,324.3815,324.3815,20853.0967,0.0000,0.0000
25001,15,1,0,225001,50,25001,14,0,3269155,882000,15001,347.0882,347.0882,22312.8135,0.0000,0.0000
25002,1,1,0,225002,3,25002,0,0,0,4500,15002,60.9853,27.7206,1829.5590,0.0000,0.0000
25002,2,1,0,225002,6,25002,1,0,1087,7875,15002,90.3833,41.0833,2711.5004,0.0000,0.0000
25002,3,1,0,225002,9,25002,2,0,1729,13500,15002,122.2834,55.5833,3668.5005,0.0000,0.0000
25002,4,1,0,225002,12,25002,3,0,4466,33750,15002,154.1834,70.0833,4625.5007,0.0000,0.0000
25002,5,1,0,225002,15,25002,4,0,12583,81000,15002,186.0834,84.5833,5582.5009,0.0000,0.0000
25002,6,1,0,225002,18,25002,5,0,42310,135000,15002,217.9834,99.0834,6539.5011,0.0000,0.0000
25002,7,1,0,225002,21,25002,6,0,89756,202500,15002,249.8834,113.5834,7496.5013,0.0000,0.0000
25002,8,1,0,225002,24,25002,7,0,162130,270000,15002,287.1001,130.5000,8613.0015,0.0000,0.0000
25002,9,1,0,225002,27,25002,8,0,273509,351000,15002,324.3167,147.4167,9729.5018,0.0000,0.0000
25002,10,1,0,225002,30,25002,9,0,426577,432000,15002,361.5334,164.3334,10846.0020,0.0000,0.0000
25002,11,1,0,225002,33,25002,10,0,731472,513000,15002,398.7501,181.2500,11962.5022,0.0000,0.0000
25002,12,1,0,225002,36,25002,11,0,1067833,598500,15002,435.9667,198.1667,13079.0024,0.0000,0.0000
25002,13,1,0,225002,40,25002,12,0,1543725,693000,15002,473.1834,215.0834,14195.5026,0.0000,0.0000
25002,14,1,0,225002,45,25002,13,0,2255454,787500,15002,509.7424,231.7011,15292.2709,0.0000,0.0000
25002,15,1,0,225002,50,25002,14,0,3269155,882000,15002,545.4243,247.9201,16362.7299,0.0000,0.0000
25003,1,1,0,225003,3,25003,0,0,0,4500,15003,66.5294,22.1765,1164.2648,0.0000,0.0000
25003,2,1,0,225003,6,25003,1,0,1087,7875,15003,98.6000,32.8667,1725.5002,0.0000,0.0000
25003,3,1,0,225003,9,25003,2,0,1729,13500,15003,133.4000,44.4667,2334.5003,0.0000,0.0000
25003,4,1,0,225003,12,25003,3,0,4466,33750,15003,168.2000,56.0667,2943.5005,0.0000,0.0000
25003,5,1,0,225003,15,25003,4,0,12583,81000,15003,203.0000,67.6667,3552.5006,0.0000,0.0000
25003,6,1,0,225003,18,25003,5,0,42310,135000,15003,237.8000,79.2667,4161.5007,0.0000,0.0000
25003,7,1,0,225003,21,25003,6,0,89756,202500,15003,272.6000,90.8667,4770.5008,0.0000,0.0000
25003,8,1,0,225003,24,25003,7,0,162130,270000,15003,313.2001,104.4000,5481.0010,0.0000,0.0000
25003,9,1,0,225003,27,25003,8,0,273509,351000,15003,353.8001,117.9334,6191.5011,0.0000,0.0000
25003,10,1,0,225003,30,25003,9,0,426577,432000,15003,394.4001,131.4667,6902.0013,0.0000,0.0000
25003,11,1,0,225003,33,25003,10,0,731472,513000,15003,435.0001,145.0000,7612.5014,0.0000,0.0000
25003,12,1,0,225003,36,25003,11,0,1067833,598500,15003,475.6001,158.5334,8323.0015,0.0000,0.0000
25003,13,1,0,225003,40,25003,12,0,1543725,693000,15003,516.2001,172.0667,9033.5017,0.0000,0.0000
25003,14,1,0,225003,45,25003,13,0,2255454,787500,15003,556.0826,185.3609,9731.4451,0.0000,0.0000
25003,15,1,0,225003,50,25003,14,0,3269155,882000,15003,595.0084,198.3361,10412.6463,0.0000,0.0000
25004,1,1,0,225004,3,25004,0,0,0,4500,15004,55.4412,30.4927,1995.8826,0.0000,0.0000
25004,2,1,0,225004,6,25004,1,0,1087,7875,15004,82.1667,45.1917,2958.0004,0.0000,0.0000
25004,3,1,0,225004,9,25004,2,0,1729,13500,15004,111.1667,61.1417,4002.0006,0.0000,0.0000
25004,4,1,0,225004,12,25004,3,0,4466,33750,15004,140.1667,77.0917,5046.0008,0.0000,0.0000
25004,5,1,0,225004,15,25004,4,0,12583,81000,15004,169.1667,93.0417,6090.0010,0.0000,0.0000
25004,6,1,0,225004,18,25004,5,0,42310,135000,15004,198.1667,108.9917,7134.0012,0.0000,0.0000
25004,7,1,0,225004,21,25004,6,0,89756,202500,15004,227.1667,124.9417,8178.0014,0.0000,0.0000
25004,8,1,0,225004,24,25004,7,0,162130,270000,15004,261.0000,143.5500,9396.0017,0.0000,0.0000
25004,9,1,0,225004,27,25004,8,0,273509,351000,15004,294.8334,162.1584,10614.0019,0.0000,0.0000
25004,10,1,0,225004,30,25004,9,0,426577,432000,15004,328.6667,180.7667,11832.0022,0.0000,0.0000
25004,11,1,0,225004,33,25004,10,0,731472,513000,15004,362.5001,199.3750,13050.0024,0.0000,0.0000
25004,12,1,0,225004,36,25004,11,0,1067833,598500,15004,396.3334,217.9834,14268.0026,0.0000,0.0000
25004,13,1,0,225004,40,25004,12,0,1543725,693000,15004,430.1667,236.5917,15486.0029,0.0000,0.0000
25004,14,1,0,225004,45,25004,13,0,2255454,787500,15004,463.4021,254.8712,16682.4773,0.0000,0.0000
25004,15,1,0,225004,50,25004,14,0,3269155,882000,15004,495.8403,272.7122,17850.2508,0.0000,0.0000
25005,1,1,0,225005,3,25005,0,0,0,4500,15005,72.0735,16.6324,997.9413,0.0000,0.0000
25005,2,1,0,225005,6,25005,1,0,1087,7875,15005,106.8167,24.6500,1479.0002,0.0000,0.0000
25005,3,1,0,225005,9,25005,2,0,1729,13500,15005,144.5167,33.3500,2001.0003,0.0000,0.0000
25005,4,1,0,225005,12,25005,3,0,4466,33750,15005,182.2167,42.0500,2523.0004,0.0000,0.0000
25005,5,1,0,225005,15,25005,4,0,12583,81000,15005,219.9167,50.7500,3045.0005,0.0000,0.0000
25005,6,1,0,225005,18,25005,5,0,42310,135000,15005,257.6167,59.4500,3567.0006,0.0000,0.0000
25005,7,1,0,225005,21,25005,6,0,89756,202500,15005,295.3167,68.1500,4089.0007,0.0000,0.0000
25005,8,1,0,225005,24,25005,7,0,162130,270000,15005,339.3001,78.3000,4698.0008,0.0000,0.0000
25005,9,1,0,225005,27,25005,8,0,273509,351000,15005,383.2834,88.4500,5307.0010,0.0000,0.0000
25005,10,1,0,225005,30,25005,9,0,426577,432000,15005,427.2667,98.6000,5916.0011,0.0000,0.0000
25005,11,1,0,225005,33,25005,10,0,731472,513000,15005,471.2501,108.7500,6525.0012,0.0000,0.0000
25005,12,1,0,225005,36,25005,11,0,1067833,598500,15005,515.2334,118.9000,7134.0013,0.0000,0.0000
25005,13,1,0,225005,40,25005,12,0,1543725,693000,15005,559.2168,129.0500,7743.0014,0.0000,0.0000
25005,14,1,0,225005,45,25005,13,0,2255454,787500,15005,602.4228,139.0206,8341.2387,0.0000,0.0000
25005,15,1,0,225005,50,25005,14,0,3269155,882000,15005,644.5924,148.7521,8925.1254,0.0000,0.0000
25006,1,2,0,225006,1,25006,0,,180,18,15001,,,200.1472,0.0000,0.0000
25006,2,2,0,225006,2,25006,1,,218,180,15001,,,399.7354,0.0000,0.0000
25006,3,2,0,225006,3,25006,2,,260,360,15001,,,599.3237,0.0000,0.0000
25006,4,2,0,225006,4,25006,3,,305,540,15001,,,798.9119,0.0000,0.0000
25006,5,2,0,225006,5,25006,4,,354,720,15001,,,998.5002,0.0000,0.0000
25006,6,2,0,225006,6,25006,5,,428,900,15001,,,1259.5002,0.0000,0.0000
25006,7,2,0,225006,7,25006,6,,499,1350,15001,,,1520.5003,0.0000,0.0000
25006,8,2,0,225006,8,25006,7,,575,1800,15001,,,1781.5003,0.0000,0.0000
25006,9,2,0,225006,9,25006,8,,656,2250,15001,,,2042.5004,0.0000,0.0000
25006,10,2,0,225006,10,25006,9,,935,2700,15001,,,2303.5004,0.0000,0.0000
25006,11,2,0,225006,11,25006,10,,1439,3150,15001,,,2564.5005,0.0000,0.0000
25006,12,2,0,225006,12,25006,11,,2092,3600,15001,,,2825.5005,0.0000,0.0000
25006,13,2,0,225006,13,25006,12,,2864,4500,15001,,,3086.5006,0.0000,0.0000
25006,14,2,0,225006,14,25006,13,,4116,5400,15001,,,3347.5007,0.0000,0.0000
25006,15,2,0,225006,15,25006,14,,5603,6300,15001,,,3608.5007,0.0000,0.0000
25006,16,2,0,225006,16,25006,15,,7956,9900,15001,,,3869.5008,0.0000,0.0000
25006,17,2,0,225006,17,25006,16,,10546,13500,15001,,,4130.5008,0.0000,0.0000
25006,18,2,0,225006,18,25006,17,,13937,18000,15001,,,4391.5009,0.0000,0.0000
25006,19,2,0,225006,19,25006,18,,17827,25200,15001,,,4652.5009,0.0000,0.0000
25006,20,2,0,225006,20,25006,19,,23093,32400,15001,,,4913.5010,0.0000,0.0000
25006,21,2,0,225006,21,25006,20,,29814,39600,15001,,,5174.5010,0.0000,0.0000
25006,22,2,0,225006,22,25006,21,,36848,46800,15001,,,5435.5011,0.0000,0.0000
25006,23,2,0,225006,23,25006,22,,44789,54000,15001,,,5696.5011,0.0000,0.0000
25006,24,2,0,225006,24,25006,23,,53699,63000,15001,,,5957.5012,0.0000,0.0000
25006,25,2,0,225006,25,25000,24,,63643,72000,15001,,,6218.5012,0.0000,0.0000
25006,26,2,0,225006,26,25006,25,,77194,81000,15001,,,6479.5013,0.0000,0.0000
25006,27,2,0,225006,27,25006,26,,90678,90000,15001,,,6740.5013,0.0000,0.0000
25006,28,2,0,225006,28,25006,27,,105636,99000,15001,,,7001.5014,0.0000,0.0000
25006,29,2,0,225006,29,25006,28,,122173,108000,15001,,,7262.5014,0.0000,0.0000
25006,30,2,0,225006,30,25006,29,,140400,118800,15001,,,7523.5015,0.0000,0.0000
25006,31,2,0,225006,31,25006,30,,164004,129600,15001,,,7784.5015,0.0000,0.0000
25006,32,2,0,225006,32,25006,31,,187885,140400,15001,,,8045.5016,0.0000,0.0000
25006,33,2,0,225006,33,25006,32,,214130,151200,15001,,,8306.5016,0.0000,0.0000
25006,34,2,0,225006,34,25006,33,,242914,162000,15001,,,8567.5017,0.0000,0.0000
25006,35,2,0,225006,35,25006,34,,274428,172800,15001,,,8828.5017,0.0000,0.0000
25006,36,2,0,225006,36,25006,35,,315594,183600,15001,,,9089.5018,0.0000,0.0000
25006,37,2,0,225006,37,25006,36,,354028,194400,15001,,,9350.5019,0.0000,0.0000
25006,38,2,0,225006,38,25006,37,,398210,205200,15001,,,9611.5019,0.0000,0.0000
25006,39,2,0,225006,39,25006,38,,446484,216000,15001,,,9872.5020,0.0000,0.0000
25006,40,2,0,225006,40,25006,39,,508425,226800,15001,,,10133.5020,0.0000,0.0000
25006,41,2,0,225006,41,25006,40,,588816,239400,15001,,,10394.5021,0.0000,0.0000
25006,42,2,0,225006,42,25006,41,,665242,252000,15001,,,10655.5021,0.0000,0.0000
25006,43,2,0,225006,43,25006,42,,749115,264600,15001,,,10916.5022,0.0000,0.0000
25006,44,2,0,225006,44,25006,43,,841097,277200,15001,,,11177.5022,0.0000,0.0000
25006,45,2,0,225006,45,25006,44,,950040,289800,15001,,,11438.5023,0.0000,0.0000
25006,46,2,0,225006,46,25006,45,,1092232,302400,15001,,,11688.7394,0.0000,0.0000
25006,47,2,0,225006,47,25006,46,,1226883,315000,15001,,,11938.9766,0.0000,0.0000
25006,48,2,0,225006,48,25006,47,,1374979,327600,15001,,,12189.2138,0.0000,0.0000
25006,49,2,0,225006,49,25006,48,,1537864,340200,15001,,,12439.4509,0.0000,0.0000
25006,50,2,0,225006,50,25000,49,,1717055,352800,15001,,,12689.6881,0.0000,0.0000
25007,1,2,0,225007,1,25007,0,,180,18,15001,6.9382,,,0.0000,0.0000
25007,2,2,0,225007,2,25007,1,,218,180,15001,13.5912,,,0.0000,0.0000
25007,3,2,0,225007,3,25007,2,,260,360,15001,20.2441,,,0.0000,0.0000
25007,4,2,0,225007,4,25007,3,,305,540,15001,26.8971,,,0.0000,0.0000
25007,5,2,0,225007,5,25007,4,,354,720,15001,33.5500,,,0.0000,0.0000
25007,6,2,0,225007,6,25007,5,,428,900,15001,42.2500,,,0.0000,0.0000
25007,7,2,0,225007,7,25007,6,,499,1350,15001,50.9500,,,0.0000,0.0000
25007,8,2,0,225007,8,25007,7,,575,1800,15001,59.6500,,,0.0000,0.0000
25007,9,2,0,225007,9,25007,8,,656,2250,15001,68.3500,,,0.0000,0.0000
25007,10,2,0,225007,10,25007,9,,935,2700,15001,77.0500,,,0.0000,0.0000
25007,11,2,0,225007,11,25007,10,,1439,3150,15001,85.7500,,,0.0000,0.0000
25007,12,2,0,225007,12,25007,11,,2092,3600,15001,94.4500,,,0.0000,0.0000
25007,13,2,0,225007,13,25007,12,,2864,4500,15001,103.1500,,,0.0000,0.0000
25007,14,2,0,225007,14,25007,13,,4116,5400,15001,111.8500,,,0.0000,0.0000
25007,15,2,0,225007,15,25007,14,,5603,6300,15001,120.5500,,,0.0000,0.0000
25007,16,2,0,225007,16,25007,15,,7956,9900,15001,129.2500,,,0.0000,0.0000
25007,17,2,0,225007,17,25007,16,,10546,13500,15001,137.9500,,,0.0000,0.0000
25007,18,2,0,225007,18,25007,17,,13937,18000,15001,146.6500,,,0.0000,0.0000
25007,19,2,0,225007,19,25007,18,,17827,25200,15001,155.3500,,,0.0000,0.0000
25007,20,2,0,225007,20,25007,19,,23093,32400,15001,164.0500,,,0.0000,0.0000
25007,21,2,0,225007,21,25007,20,,29814,39600,15001,172.7500,,,0.0000,0.0000
25007,22,2,0,225007,22,25007,21,,36848,46800,15001,181.4500,,,0.0000,0.0000
25007,23,2,0,225007,23,25007,22,,44789,54000,15001,190.1500,,,0.0000,0.0000
25007,24,2,0,225007,24,25007,23,,53699,63000,15001,198.8500,,,0.0000,0.0000
25007,25,2,0,225007,25,25007,24,,63643,72000,15001,207.5500,,,0.0000,0.0000
25007,26,2,0,225007,26,25007,25,,77194,81000,15001,216.2500,,,0.0000,0.0000
25007,27,2,0,225007,27,25007,26,,90678,90000,15001,224.9500,,,0.0000,0.0000
25007,28,2,0,225007,28,25007,27,,105636,99000,15001,233.6500,,,0.0000,0.0000
25007,29,2,0,225007,29,25007,28,,122173,108000,15001,242.3500,,,0.0000,0.0000
25007,30,2,0,225007,30,25007,29,,140400,118800,15001,251.0500,,,0.0000,0.0000
25007,31,2,0,225007,31,25007,30,,164004,129600,15001,259.7501,,,0.0000,0.0000
25007,32,2,0,225007,32,25007,31,,187885,140400,15001,268.4501,,,0.0000,0.0000
25007,33,2,0,225007,33,25007,32,,214130,151200,15001,277.1501,,,0.0000,0.0000
25007,34,2,0,225007,34,25007,33,,242914,162000,15001,285.8501,,,0.0000,0.0000
25007,35,2,0,225007,35,25007,34,,274428,172800,15001,294.5501,,,0.0000,0.0000
25007,36,2,0,225007,36,25007,35,,315594,183600,15001,303.2501,,,0.0000,0.0000
25007,37,2,0,225007,37,25007,36,,354028,194400,15001,311.9501,,,0.0000,0.0000
25007,38,2,0,225007,38,25007,37,,398210,205200,15001,320.6501,,,0.0000,0.0000
25007,39,2,0,225007,39,25007,38,,446484,216000,15001,329.3501,,,0.0000,0.0000
25007,40,2,0,225007,40,25007,39,,508425,226800,15001,338.0501,,,0.0000,0.0000
25007,41,2,0,225007,41,25007,40,,588816,239400,15001,346.7501,,,0.0000,0.0000
25007,42,2,0,225007,42,25007,41,,665242,252000,15001,355.4501,,,0.0000,0.0000
25007,43,2,0,225007,43,25007,42,,749115,264600,15001,364.1501,,,0.0000,0.0000
25007,44,2,0,225007,44,25007,43,,841097,277200,15001,372.8501,,,0.0000,0.0000
25007,45,2,0,225007,45,25007,44,,950040,289800,15001,381.5501,,,0.0000,0.0000
25007,46,2,0,225007,46,25007,45,,1092232,302400,15001,389.8913,,,0.0000,0.0000
25007,47,2,0,225007,47,25007,46,,1226883,315000,15001,398.2326,,,0.0000,0.0000
25007,48,2,0,225007,48,25007,47,,1374979,327600,15001,406.5738,,,0.0000,0.0000
25007,49,2,0,225007,49,25007,48,,1537864,340200,15001,414.9150,,,0.0000,0.0000
25007,50,2,0,225007,50,25000,49,,1717055,352800,15001,423.2563,,,0.0000,0.0000
25008,1,2,0,225008,1,50008,0,,90,9,15001,,3.9691,,0.0000,0.0000
25008,2,2,0,225008,2,50008,1,,109,90,15001,,7.2956,,0.0000,0.0000
25008,3,2,0,225008,3,50008,2,,130,180,15001,,10.6221,,0.0000,0.0000
25008,4,2,0,225008,4,50008,3,,153,270,15001,,13.9485,,0.0000,0.0000
25008,5,2,0,225008,5,50008,4,,177,360,15001,,17.2750,,0.0000,0.0000
25008,6,2,0,225008,6,50008,5,,214,450,15001,,21.6250,,0.0000,0.0000
25008,7,2,0,225008,7,50008,6,,249,675,15001,,25.9750,,0.0000,0.0000
25008,8,2,0,225008,8,50008,7,,287,900,15001,,30.3250,,0.0000,0.0000
25008,9,2,0,225008,9,50008,8,,328,1125,15001,,34.6750,,0.0000,0.0000
25008,10,2,0,225008,10,50008,9,,468,1350,15001,,39.0250,,0.0000,0.0000
25008,11,2,0,225008,11,50008,10,,719,1575,15001,,43.3750,,0.0000,0.0000
25008,12,2,0,225008,12,50008,11,,1046,1800,15001,,47.7250,,0.0000,0.0000
25008,13,2,0,225008,13,50008,12,,1432,2250,15001,,52.0750,,0.0000,0.0000
25008,14,2,0,225008,14,50008,13,,2058,2700,15001,,56.4250,,0.0000,0.0000
25008,15,2,0,225008,15,50008,14,,2801,3150,15001,,60.7750,,0.0000,0.0000
25008,16,2,0,225008,16,50008,15,,3978,4950,15001,,65.1250,,0.0000,0.0000
25008,17,2,0,225008,17,50008,16,,5273,6750,15001,,69.4750,,0.0000,0.0000
25008,18,2,0,225008,18,50008,17,,6968,9000,15001,,73.8250,,0.0000,0.0000
25008,19,2,0,225008,19,50008,18,,8913,12600,15001,,78.1750,,0.0000,0.0000
25008,20,2,0,225008,20,50008,19,,11547,16200,15001,,82.5250,,0.0000,0.0000
25008,21,2,0,225008,21,50008,20,,14907,19800,15001,,86.8750,,0.0000,0.0000
25008,22,2,0,225008,22,50008,21,,18424,23400,15001,,91.2250,,0.0000,0.0000
25008,23,2,0,225008,23,50008,22,,22394,27000,15001,,95.5750,,0.0000,0.0000
25008,24,2,0,225008,24,50008,23,,26849,31500,15001,,99.9250,,0.0000,0.0000
25008,25,2,0,225008,25,50008,24,,31821,36000,15001,,104.2750,,0.0000,0.0000
25008,26,2,0,225008,26,50008,25,,38597,40500,15001,,108.6250,,0.0000,0.0000
25008,27,2,0,225008,27,50008,26,,45339,45000,15001,,112.9750,,0.0000,0.0000
25008,28,2,0,225008,28,50008,27,,52818,49500,15001,,117.3250,,0.0000,0.0000
25008,29,2,0,225008,29,50008,28,,61086,54000,15001,,121.6750,,0.0000,0.0000
25008,30,2,0,225008,30,50008,29,,70200,59400,15001,,126.0250,,0.0000,0.0000
25008,31,2,0,225008,31,50008,30,,82002,64800,15001,,130.3750,,0.0000,0.0000
25008,32,2,0,225008,32,50008,31,,93943,70200,15001,,134.7250,,0.0000,0.0000
25008,33,2,0,225008,33,50008,32,,107065,75600,15001,,139.0750,,0.0000,0.0000
25008,34,2,0,225008,34,50008,33,,121457,81000,15001,,143.4250,,0.0000,0.0000
25008,35,2,0,225008,35,50008,34,,137214,86400,15001,,147.7750,,0.0000,0.0000
25008,36,2,0,225008,36,50008,35,,157797,91800,15001,,152.1250,,0.0000,0.0000
25008,37,2,0,225008,37,50008,36,,177014,97200,15001,,156.4750,,0.0000,0.0000
25008,38,2,0,225008,38,50008,37,,199105,102600,15001,,160.8250,,0.0000,0.0000
25008,39,2,0,225008,39,50008,38,,223242,108000,15001,,165.1750,,0.0000,0.0000
25008,40,2,0,225008,40,50008,39,,254213,113400,15001,,169.5250,,0.0000,0.0000
25008,41,2,0,225008,41,50008,40,,294408,119700,15001,,173.8750,,0.0000,0.0000
25008,42,2,0,225008,42,50008,41,,332621,126000,15001,,178.2250,,0.0000,0.0000
25008,43,2,0,225008,43,50008,42,,374558,132300,15001,,182.5750,,0.0000,0.0000
25008,44,2,0,225008,44,50008,43,,420548,138600,15001,,186.9250,,0.0000,0.0000
25008,45,2,0,225008,45,50008,44,,475020,144900,15001,,191.2750,,0.0000,0.0000
25008,46,2,0,225008,46,50008,45,,546116,151200,15001,,195.4457,,0.0000,0.0000
25008,47,2,0,225008,47,50008,46,,613441,157500,15001,,199.6163,,0.0000,0.0000
25008,48,2,0,225008,48,50008,47,,687490,163800,15001,,203.7869,,0.0000,0.0000
25008,49,2,0,225008,49,50008,48,,768932,170100,15001,,207.9575,,0.0000,0.0000
25008,50,2,0,225008,50,50008,49,,858527,176400,15001,,212.1281,,0.0000,0.0000
25009,1,2,0,225009,1,25006,0,,180,18,15002,,,200.1472,0.0000,0.0000
25009,2,2,0,225009,2,25006,1,,218,180,15002,,,399.7354,0.0000,0.0000
25009,3,2,0,225009,3,25006,2,,260,360,15002,,,599.3237,0.0000,0.0000
25009,4,2,0,225009,4,25006,3,,305,540,15002,,,798.9119,0.0000,0.0000
25009,5,2,0,225009,5,25006,4,,354,720,15002,,,998.5002,0.0000,0.0000
25009,6,2,0,225009,6,25006,5,,428,900,15002,,,1259.5002,0.0000,0.0000
25009,7,2,0,225009,7,25006,6,,499,1350,15002,,,1520.5003,0.0000,0.0000
25009,8,2,0,225009,8,25006,7,,575,1800,15002,,,1781.5003,0.0000,0.0000
25009,9,2,0,225009,9,25006,8,,656,2250,15002,,,2042.5004,0.0000,0.0000
25009,10,2,0,225009,10,25006,9,,935,2700,15002,,,2303.5004,0.0000,0.0000
25009,11,2,0,225009,11,25006,10,,1439,3150,15002,,,2564.5005,0.0000,0.0000
25009,12,2,0,225009,12,25006,11,,2092,3600,15002,,,2825.5005,0.0000,0.0000
25009,13,2,0,225009,13,25006,12,,2864,4500,15002,,,3086.5006,0.0000,0.0000
25009,14,2,0,225009,14,25006,13,,4116,5400,15002,,,3347.5007,0.0000,0.0000
25009,15,2,0,225009,15,25006,14,,5603,6300,15002,,,3608.5007,0.0000,0.0000
25009,16,2,0,225009,16,25006,15,,7956,9900,15002,,,3869.5008,0.0000,0.0000
25009,17,2,0,225009,17,25006,16,,10546,13500,15002,,,4130.5008,0.0000,0.0000
25009,18,2,0,225009,18,25006,17,,13937,18000,15002,,,4391.5009,0.0000,0.0000
25009,19,2,0,225009,19,25006,18,,17827,25200,15002,,,4652.5009,0.0000,0.0000
25009,20,2,0,225009,20,25006,19,,23093,32400,15002,,,4913.5010,0.0000,0.0000
25009,21,2,0,225009,21,25006,20,,29814,39600,15002,,,5174.5010,0.0000,0.0000
25009,22,2,0,225009,22,25006,21,,36848,46800,15002,,,5435.5011,0.0000,0.0000
25009,23,2,0,225009,23,25006,22,,44789,54000,15002,,,5696.5011,0.0000,0.0000
25009,24,2,0,225009,24,25006,23,,53699,63000,15002,,,5957.5012,0.0000,0.0000
25009,25,2,0,225009,25,25000,24,,63643,72000,15002,,,6218.5012,0.0000,0.0000
25009,26,2,0,225009,26,25006,25,,77194,81000,15002,,,6479.5013,0.0000,0.0000
25009,27,2,0,225009,27,25006,26,,90678,90000,15002,,,6740.5013,0.0000,0.0000
25009,28,2,0,225009,28,25006,27,,105636,99000,15002,,,7001.5014,0.0000,0.0000
25009,29,2,0,225009,29,25006,28,,122173,108000,15002,,,7262.5014,0.0000,0.0000
25009,30,2,0,225009,30,25006,29,,140400,118800,15002,,,7523.5015,0.0000,0.0000
25009,31,2,0,225009,31,25006,30,,164004,129600,15002,,,7784.5015,0.0000,0.0000
25009,32,2,0,225009,32,25006,31,,187885,140400,15002,,,8045.5016,0.0000,0.0000
25009,33,2,0,225009,33,25006,32,,214130,151200,15002,,,8306.5016,0.0000,0.0000
25009,34,2,0,225009,34,25006,33,,242914,162000,15002,,,8567.5017,0.0000,0.0000
25009,35,2,0,225009,35,25006,34,,274428,172800,15002,,,8828.5017,0.0000,0.0000
25009,36,2,0,225009,36,25006,35,,315594,183600,15002,,,9089.5018,0.0000,0.0000
25009,37,2,0,225009,37,25006,36,,354028,194400,15002,,,9350.5019,0.0000,0.0000
25009,38,2,0,225009,38,25006,37,,398210,205200,15002,,,9611.5019,0.0000,0.0000
25009,39,2,0,225009,39,25006,38,,446484,216000,15002,,,9872.5020,0.0000,0.0000
25009,40,2,0,225009,40,25006,39,,508425,226800,15002,,,10133.5020,0.0000,0.0000
25009,41,2,0,225009,41,25006,40,,588816,239400,15002,,,10394.5021,0.0000,0.0000
25009,42,2,0,225009,42,25006,41,,665242,252000,15002,,,10655.5021,0.0000,0.0000
25009,43,2,0,225009,43,25006,42,,749115,264600,15002,,,10916.5022,0.0000,0.0000
25009,44,2,0,225009,44,25006,43,,841097,277200,15002,,,11177.5022,0.0000,0.0000
25009,45,2,0,225009,45,25006,44,,950040,289800,15002,,,11438.5023,0.0000,0.0000
25009,46,2,0,225009,46,25006,45,,1092232,302400,15002,,,11688.7394,0.0000,0.0000
25009,47,2,0,225009,47,25006,46,,1226883,315000,15002,,,11938.9766,0.0000,0.0000
25009,48,2,0,225009,48,25006,47,,1374979,327600,15002,,,12189.2138,0.0000,0.0000
25009,49,2,0,225009,49,25006,48,,1537864,340200,15002,,,12439.4509,0.0000,0.0000
25009,50,2,0,225009,50,25000,49,,1717055,352800,15002,,,12689.6881,0.0000,0.0000
25010,1,2,0,225010,1,25007,0,,180,18,15002,6.9382,,,0.0000,0.0000
25010,2,2,0,225010,2,25007,1,,218,180,15002,13.5912,,,0.0000,0.0000
25010,3,2,0,225010,3,25007,2,,260,360,15002,20.2441,,,0.0000,0.0000
25010,4,2,0,225010,4,25007,3,,305,540,15002,26.8971,,,0.0000,0.0000
25010,5,2,0,225010,5,25007,4,,354,720,15002,33.5500,,,0.0000,0.0000
25010,6,2,0,225010,6,25007,5,,428,900,15002,42.2500,,,0.0000,0.0000
25010,7,2,0,225010,7,25007,6,,499,1350,15002,50.9500,,,0.0000,0.0000
25010,8,2,0,225010,8,25007,7,,575,1800,15002,59.6500,,,0.0000,0.0000
25010,9,2,0,225010,9,25007,8,,656,2250,15002,68.3500,,,0.0000,0.0000
25010,10,2,0,225010,10,25007,9,,935,2700,15002,77.0500,,,0.0000,0.0000
25010,11,2,0,225010,11,25007,10,,1439,3150,15002,85.7500,,,0.0000,0.0000
25010,12,2,0,225010,12,25007,11,,2092,3600,15002,94.4500,,,0.0000,0.0000
25010,13,2,0,225010,13,25007,12,,2864,4500,15002,103.1500,,,0.0000,0.0000
25010,14,2,0,225010,14,25007,13,,4116,5400,15002,111.8500,,,0.0000,0.0000
25010,15,2,0,225010,15,25007,14,,5603,6300,15002,120.5500,,,0.0000,0.0000
25010,16,2,0,225010,16,25007,15,,7956,9900,15002,129.2500,,,0.0000,0.0000
25010,17,2,0,225010,17,25007,16,,10546,13500,15002,137.9500,,,0.0000,0.0000
25010,18,2,0,225010,18,25007,17,,13937,18000,15002,146.6500,,,0.0000,0.0000
25010,19,2,0,225010,19,25007,18,,17827,25200,15002,155.3500,,,0.0000,0.0000
25010,20,2,0,225010,20,25007,19,,23093,32400,15002,164.0500,,,0.0000,0.0000
25010,21,2,0,225010,21,25007,20,,29814,39600,15002,172.7500,,,0.0000,0.0000
25010,22,2,0,225010,22,25007,21,,36848,46800,15002,181.4500,,,0.0000,0.0000
25010,23,2,0,225010,23,25007,22,,44789,54000,15002,190.1500,,,0.0000,0.0000
25010,24,2,0,225010,24,25007,23,,53699,63000,15002,198.8500,,,0.0000,0.0000
25010,25,2,0,225010,25,25007,24,,63643,72000,15002,207.5500,,,0.0000,0.0000
25010,26,2,0,225010,26,25007,25,,77194,81000,15002,216.2500,,,0.0000,0.0000
25010,27,2,0,225010,27,25007,26,,90678,90000,15002,224.9500,,,0.0000,0.0000
25010,28,2,0,225010,28,25007,27,,105636,99000,15002,233.6500,,,0.0000,0.0000
25010,29,2,0,225010,29,25007,28,,122173,108000,15002,242.3500,,,0.0000,0.0000
25010,30,2,0,225010,30,25007,29,,140400,118800,15002,251.0500,,,0.0000,0.0000
25010,31,2,0,225010,31,25007,30,,164004,129600,15002,259.7501,,,0.0000,0.0000
25010,32,2,0,225010,32,25007,31,,187885,140400,15002,268.4501,,,0.0000,0.0000
25010,33,2,0,225010,33,25007,32,,214130,151200,15002,277.1501,,,0.0000,0.0000
25010,34,2,0,225010,34,25007,33,,242914,162000,15002,285.8501,,,0.0000,0.0000
25010,35,2,0,225010,35,25007,34,,274428,172800,15002,294.5501,,,0.0000,0.0000
25010,36,2,0,225010,36,25007,35,,315594,183600,15002,303.2501,,,0.0000,0.0000
25010,37,2,0,225010,37,25007,36,,354028,194400,15002,311.9501,,,0.0000,0.0000
25010,38,2,0,225010,38,25007,37,,398210,205200,15002,320.6501,,,0.0000,0.0000
25010,39,2,0,225010,39,25007,38,,446484,216000,15002,329.3501,,,0.0000,0.0000
25010,40,2,0,225010,40,25007,39,,508425,226800,15002,338.0501,,,0.0000,0.0000
25010,41,2,0,225010,41,25007,40,,588816,239400,15002,346.7501,,,0.0000,0.0000
25010,42,2,0,225010,42,25007,41,,665242,252000,15002,355.4501,,,0.0000,0.0000
25010,43,2,0,225010,43,25007,42,,749115,264600,15002,364.1501,,,0.0000,0.0000
25010,44,2,0,225010,44,25007,43,,841097,277200,15002,372.8501,,,0.0000,0.0000
25010,45,2,0,225010,45,25007,44,,950040,289800,15002,381.5501,,,0.0000,0.0000
25010,46,2,0,225010,46,25007,45,,1092232,302400,15002,389.8913,,,0.0000,0.0000
25010,47,2,0,225010,47,25007,46,,1226883,315000,15002,398.2326,,,0.0000,0.0000
25010,48,2,0,225010,48,25007,47,,1374979,327600,15002,406.5738,,,0.0000,0.0000
25010,49,2,0,225010,49,25007,48,,1537864,340200,15002,414.9150,,,0.0000,0.0000
25010,50,2,0,225010,50,25000,49,,1717055,352800,15002,423.2563,,,0.0000,0.0000
25011,1,2,0,225011,1,50008,0,,90,9,15002,,3.9691,,0.0000,0.0000
25011,2,2,0,225011,2,50008,1,,109,90,15002,,7.2956,,0.0000,0.0000
25011,3,2,0,225011,3,50008,2,,130,180,15002,,10.6221,,0.0000,0.0000
25011,4,2,0,225011,4,50008,3,,153,270,15002,,13.9485,,0.0000,0.0000
25011,5,2,0,225011,5,50008,4,,177,360,15002,,17.2750,,0.0000,0.0000
25011,6,2,0,225011,6,50008,5,,214,450,15002,,21.6250,,0.0000,0.0000
25011,7,2,0,225011,7,50008,6,,249,675,15002,,25.9750,,0.0000,0.0000
25011,8,2,0,225011,8,50008,7,,287,900,15002,,30.3250,,0.0000,0.0000
25011,9,2,0,225011,9,50008,8,,328,1125,15002,,34.6750,,0.0000,0.0000
25011,10,2,0,225011,10,50008,9,,468,1350,15002,,39.0250,,0.0000,0.0000
25011,11,2,0,225011,11,50008,10,,719,1575,15002,,43.3750,,0.0000,0.0000
25011,12,2,0,225011,12,50008,11,,1046,1800,15002,,47.7250,,0.0000,0.0000
25011,13,2,0,225011,13,50008,12,,1432,2250,15002,,52.0750,,0.0000,0.0000
25011,14,2,0,225011,14,50008,13,,2058,2700,15002,,56.4250,,0.0000,0.0000
25011,15,2,0,225011,15,50008,14,,2801,3150,15002,,60.7750,,0.0000,0.0000
25011,16,2,0,225011,16,50008,15,,3978,4950,15002,,65.1250,,0.0000,0.0000
25011,17,2,0,225011,17,50008,16,,5273,6750,15002,,69.4750,,0.0000,0.0000
25011,18,2,0,225011,18,50008,17,,6968,9000,15002,,73.8250,,0.0000,0.0000
25011,19,2,0,225011,19,50008,18,,8913,12600,15002,,78.1750,,0.0000,0.0000
25011,20,2,0,225011,20,50008,19,,11547,16200,15002,,82.5250,,0.0000,0.0000
25011,21,2,0,225011,21,50008,20,,14907,19800,15002,,86.8750,,0.0000,0.0000
25011,22,2,0,225011,22,50008,21,,18424,23400,15002,,91.2250,,0.0000,0.0000
25011,23,2,0,225011,23,50008,22,,22394,27000,15002,,95.5750,,0.0000,0.0000
25011,24,2,0,225011,24,50008,23,,26849,31500,15002,,99.9250,,0.0000,0.0000
25011,25,2,0,225011,25,50008,24,,31821,36000,15002,,104.2750,,0.0000,0.0000
25011,26,2,0,225011,26,50008,25,,38597,40500,15002,,108.6250,,0.0000,0.0000
25011,27,2,0,225011,27,50008,26,,45339,45000,15002,,112.9750,,0.0000,0.0000
25011,28,2,0,225011,28,50008,27,,52818,49500,15002,,117.3250,,0.0000,0.0000
25011,29,2,0,225011,29,50008,28,,61086,54000,15002,,121.6750,,0.0000,0.0000
25011,30,2,0,225011,30,50008,29,,70200,59400,15002,,126.0250,,0.0000,0.0000
25011,31,2,0,225011,31,50008,30,,82002,64800,15002,,130.3750,,0.0000,0.0000
25011,32,2,0,225011,32,50008,31,,93943,70200,15002,,134.7250,,0.0000,0.0000
25011,33,2,0,225011,33,50008,32,,107065,75600,15002,,139.0750,,0.0000,0.0000
25011,34,2,0,225011,34,50008,33,,121457,81000,15002,,143.4250,,0.0000,0.0000
25011,35,2,0,225011,35,50008,34,,137214,86400,15002,,147.7750,,0.0000,0.0000
25011,36,2,0,225011,36,50008,35,,157797,91800,15002,,152.1250,,0.0000,0.0000
25011,37,2,0,225011,37,50008,36,,177014,97200,15002,,156.4750,,0.0000,0.0000
25011,38,2,0,225011,38,50008,37,,199105,102600,15002,,160.8250,,0.0000,0.0000
25011,39,2,0,225011,39,50008,38,,223242,108000,15002,,165.1750,,0.0000,0.0000
25011,40,2,0,225011,40,50008,39,,254213,113400,15002,,169.5250,,0.0000,0.0000
25011,41,2,0,225011,41,50008,40,,294408,119700,15002,,173.8750,,0.0000,0.0000
25011,42,2,0,225011,42,50008,41,,332621,126000,15002,,178.2250,,0.0000,0.0000
25011,43,2,0,225011,43,50008,42,,374558,132300,15002,,182.5750,,0.0000,0.0000
25011,44,2,0,225011,44,50008,43,,420548,138600,15002,,186.9250,,0.0000,0.0000
25011,45,2,0,225011,45,50008,44,,475020,144900,15002,,191.2750,,0.0000,0.0000
25011,46,2,0,225011,46,50008,45,,546116,151200,15002,,195.4457,,0.0000,0.0000
25011,47,2,0,225011,47,50008,46,,613441,157500,15002,,199.6163,,0.0000,0.0000
25011,48,2,0,225011,48,50008,47,,687490,163800,15002,,203.7869,,0.0000,0.0000
25011,49,2,0,225011,49,50008,48,,768932,170100,15002,,207.9575,,0.0000,0.0000
25011,50,2,0,225011,50,50008,49,,858527,176400,15002,,212.1281,,0.0000,0.0000
25012,1,2,0,225012,1,25006,0,,180,18,15004,,,200.1472,0.0000,0.0000
25012,2,2,0,225012,2,25006,1,,218,180,15004,,,399.7354,0.0000,0.0000
25012,3,2,0,225012,3,25006,2,,260,360,15004,,,599.3237,0.0000,0.0000
25012,4,2,0,225012,4,25006,3,,305,540,15004,,,798.9119,0.0000,0.0000
25012,5,2,0,225012,5,25006,4,,354,720,15004,,,998.5002,0.0000,0.0000
25012,6,2,0,225012,6,25006,5,,428,900,15004,,,1259.5002,0.0000,0.0000
25012,7,2,0,225012,7,25006,6,,499,1350,15004,,,1520.5003,0.0000,0.0000
25012,8,2,0,225012,8,25006,7,,575,1800,15004,,,1781.5003,0.0000,0.0000
25012,9,2,0,225012,9,25006,8,,656,2250,15004,,,2042.5004,0.0000,0.0000
25012,10,2,0,225012,10,25006,9,,935,2700,15004,,,2303.5004,0.0000,0.0000
25012,11,2,0,225012,11,25006,10,,1439,3150,15004,,,2564.5005,0.0000,0.0000
25012,12,2,0,225012,12,25006,11,,2092,3600,15004,,,2825.5005,0.0000,0.0000
25012,13,2,0,225012,13,25006,12,,2864,4500,15004,,,3086.5006,0.0000,0.0000
25012,14,2,0,225012,14,25006,13,,4116,5400,15004,,,3347.5007,0.0000,0.0000
25012,15,2,0,225012,15,25006,14,,5603,6300,15004,,,3608.5007,0.0000,0.0000
25012,16,2,0,225012,16,25006,15,,7956,9900,15004,,,3869.5008,0.0000,0.0000
25012,17,2,0,225012,17,25006,16,,10546,13500,15004,,,4130.5008,0.0000,0.0000
25012,18,2,0,225012,18,25006,17,,13937,18000,15004,,,4391.5009,0.0000,0.0000
25012,19,2,0,225012,19,25006,18,,17827,25200,15004,,,4652.5009,0.0000,0.0000
25012,20,2,0,225012,20,25006,19,,23093,32400,15004,,,4913.5010,0.0000,0.0000
25012,21,2,0,225012,21,25006,20,,29814,39600,15004,,,5174.5010,0.0000,0.0000
25012,22,2,0,225012,22,25006,21,,36848,46800,15004,,,5435.5011,0.0000,0.0000
25012,23,2,0,225012,23,25006,22,,44789,54000,15004,,,5696.5011,0.0000,0.0000
25012,24,2,0,225012,24,25006,23,,53699,63000,15004,,,5957.5012,0.0000,0.0000
25012,25,2,0,225012,25,25000,24,,63643,72000,15004,,,6218.5012,0.0000,0.0000
25012,26,2,0,225012,26,25006,25,,77194,81000,15004,,,6479.5013,0.0000,0.0000
25012,27,2,0,225012,27,25006,26,,90678,90000,15004,,,6740.5013,0.0000,0.0000
25012,28,2,0,225012,28,25006,27,,105636,99000,15004,,,7001.5014,0.0000,0.0000
25012,29,2,0,225012,29,25006,28,,122173,108000,15004,,,7262.5014,0.0000,0.0000
25012,30,2,0,225012,30,25006,29,,140400,118800,15004,,,7523.5015,0.0000,0.0000
25012,31,2,0,225012,31,25006,30,,164004,129600,15004,,,7784.5015,0.0000,0.0000
25012,32,2,0,225012,32,25006,31,,187885,140400,15004,,,8045.5016,0.0000,0.0000
25012,33,2,0,225012,33,25006,32,,214130,151200,15004,,,8306.5016,0.0000,0.0000
25012,34,2,0,225012,34,25006,33,,242914,162000,15004,,,8567.5017,0.0000,0.0000
25012,35,2,0,225012,35,25006,34,,274428,172800,15004,,,8828.5017,0.0000,0.0000
25012,36,2,0,225012,36,25006,35,,315594,183600,15004,,,9089.5018,0.0000,0.0000
25012,37,2,0,225012,37,25006,36,,354028,194400,15004,,,9350.5019,0.0000,0.0000
25012,38,2,0,225012,38,25006,37,,398210,205200,15004,,,9611.5019,0.0000,0.0000
25012,39,2,0,225012,39,25006,38,,446484,216000,15004,,,9872.5020,0.0000,0.0000
25012,40,2,0,225012,40,25006,39,,508425,226800,15004,,,10133.5020,0.0000,0.0000
25012,41,2,0,225012,41,25006,40,,588816,239400,15004,,,10394.5021,0.0000,0.0000
25012,42,2,0,225012,42,25006,41,,665242,252000,15004,,,10655.5021,0.0000,0.0000
25012,43,2,0,225012,43,25006,42,,749115,264600,15004,,,10916.5022,0.0000,0.0000
25012,44,2,0,225012,44,25006,43,,841097,277200,15004,,,11177.5022,0.0000,0.0000
25012,45,2,0,225012,45,25006,44,,950040,289800,15004,,,11438.5023,0.0000,0.0000
25012,46,2,0,225012,46,25006,45,,1092232,302400,15004,,,11688.7394,0.0000,0.0000
25012,47,2,0,225012,47,25006,46,,1226883,315000,15004,,,11938.9766,0.0000,0.0000
25012,48,2,0,225012,48,25006,47,,1374979,327600,15004,,,12189.2138,0.0000,0.0000
25012,49,2,0,225012,49,25006,48,,1537864,340200,15004,,,12439.4509,0.0000,0.0000
25012,50,2,0,225012,50,25000,49,,1717055,352800,15004,,,12689.6881,0.0000,0.0000
25013,1,2,0,225013,1,25007,0,,180,18,15004,6.9382,,,0.0000,0.0000
25013,2,2,0,225013,2,25007,1,,218,180,15004,13.5912,,,0.0000,0.0000
25013,3,2,0,225013,3,25007,2,,260,360,15004,20.2441,,,0.0000,0.0000
25013,4,2,0,225013,4,25007,3,,305,540,15004,26.8971,,,0.0000,0.0000
25013,5,2,0,225013,5,25007,4,,354,720,15004,33.5500,,,0.0000,0.0000
25013,6,2,0,225013,6,25007,5,,428,900,15004,42.2500,,,0.0000,0.0000
25013,7,2,0,225013,7,25007,6,,499,1350,15004,50.9500,,,0.0000,0.0000
25013,8,2,0,225013,8,25007,7,,575,1800,15004,59.6500,,,0.0000,0.0000
25013,9,2,0,225013,9,25007,8,,656,2250,15004,68.3500,,,0.0000,0.0000
25013,10,2,0,225013,10,25007,9,,935,2700,15004,77.0500,,,0.0000,0.0000
25013,11,2,0,225013,11,25007,10,,1439,3150,15004,85.7500,,,0.0000,0.0000
25013,12,2,0,225013,12,25007,11,,2092,3600,15004,94.4500,,,0.0000,0.0000
25013,13,2,0,225013,13,25007,12,,2864,4500,15004,103.1500,,,0.0000,0.0000
25013,14,2,0,225013,14,25007,13,,4116,5400,15004,111.8500,,,0.0000,0.0000
25013,15,2,0,225013,15,25007,14,,5603,6300,15004,120.5500,,,0.0000,0.0000
25013,16,2,0,225013,16,25007,15,,7956,9900,15004,129.2500,,,0.0000,0.0000
25013,17,2,0,225013,17,25007,16,,10546,13500,15004,137.9500,,,0.0000,0.0000
25013,18,2,0,225013,18,25007,17,,13937,18000,15004,146.6500,,,0.0000,0.0000
25013,19,2,0,225013,19,25007,18,,17827,25200,15004,155.3500,,,0.0000,0.0000
25013,20,2,0,225013,20,25007,19,,23093,32400,15004,164.0500,,,0.0000,0.0000
25013,21,2,0,225013,21,25007,20,,29814,39600,15004,172.7500,,,0.0000,0.0000
25013,22,2,0,225013,22,25007,21,,36848,46800,15004,181.4500,,,0.0000,0.0000
25013,23,2,0,225013,23,25007,22,,44789,54000,15004,190.1500,,,0.0000,0.0000
25013,24,2,0,225013,24,25007,23,,53699,63000,15004,198.8500,,,0.0000,0.0000
25013,25,2,0,225013,25,25007,24,,63643,72000,15004,207.5500,,,0.0000,0.0000
25013,26,2,0,225013,26,25007,25,,77194,81000,15004,216.2500,,,0.0000,0.0000
25013,27,2,0,225013,27,25007,26,,90678,90000,15004,224.9500,,,0.0000,0.0000
25013,28,2,0,225013,28,25007,27,,105636,99000,15004,233.6500,,,0.0000,0.0000
25013,29,2,0,225013,29,25007,28,,122173,108000,15004,242.3500,,,0.0000,0.0000
25013,30,2,0,225013,30,25007,29,,140400,118800,15004,251.0500,,,0.0000,0.0000
25013,31,2,0,225013,31,25007,30,,164004,129600,15004,259.7501,,,0.0000,0.0000
25013,32,2,0,225013,32,25007,31,,187885,140400,15004,268.4501,,,0.0000,0.0000
25013,33,2,0,225013,33,25007,32,,214130,151200,15004,277.1501,,,0.0000,0.0000
25013,34,2,0,225013,34,25007,33,,242914,162000,15004,285.8501,,,0.0000,0.0000
25013,35,2,0,225013,35,25007,34,,274428,172800,15004,294.5501,,,0.0000,0.0000
25013,36,2,0,225013,36,25007,35,,315594,183600,15004,303.2501,,,0.0000,0.0000
25013,37,2,0,225013,37,25007,36,,354028,194400,15004,311.9501,,,0.0000,0.0000
25013,38,2,0,225013,38,25007,37,,398210,205200,15004,320.6501,,,0.0000,0.0000
25013,39,2,0,225013,39,25007,38,,446484,216000,15004,329.3501,,,0.0000,0.0000
25013,40,2,0,225013,40,25007,39,,508425,226800,15004,338.0501,,,0.0000,0.0000
25013,41,2,0,225013,41,25007,40,,588816,239400,15004,346.7501,,,0.0000,0.0000
25013,42,2,0,225013,42,25007,41,,665242,252000,15004,355.4501,,,0.0000,0.0000
25013,43,2,0,225013,43,25007,42,,749115,264600,15004,364.1501,,,0.0000,0.0000
25013,44,2,0,225013,44,25007,43,,841097,277200,15004,372.8501,,,0.0000,0.0000
25013,45,2,0,225013,45,25007,44,,950040,289800,15004,381.5501,,,0.0000,0.0000
25013,46,2,0,225013,46,25007,45,,1092232,302400,15004,389.8913,,,0.0000,0.0000
25013,47,2,0,225013,47,25007,46,,1226883,315000,15004,398.2326,,,0.0000,0.0000
25013,48,2,0,225013,48,25007,47,,1374979,327600,15004,406.5738,,,0.0000,0.0000
25013,49,2,0,225013,49,25007,48,,1537864,340200,15004,414.9150,,,0.0000,0.0000
25013,50,2,0,225013,50,25000,49,,1717055,352800,15004,423.2563,,,0.0000,0.0000
25014,1,2,0,225014,1,50008,0,,90,9,15004,,3.9691,,0.0000,0.0000
25014,2,2,0,225014,2,50008,1,,109,90,15004,,7.2956,,0.0000,0.0000
25014,3,2,0,225014,3,50008,2,,130,180,15004,,10.6221,,0.0000,0.0000
25014,4,2,0,225014,4,50008,3,,153,270,15004,,13.9485,,0.0000,0.0000
25014,5,2,0,225014,5,50008,4,,177,360,15004,,17.2750,,0.0000,0.0000
25014,6,2,0,225014,6,50008,5,,214,450,15004,,21.6250,,0.0000,0.0000
25014,7,2,0,225014,7,50008,6,,249,675,15004,,25.9750,,0.0000,0.0000
25014,8,2,0,225014,8,50008,7,,287,900,15004,,30.3250,,0.0000,0.0000
25014,9,2,0,225014,9,50008,8,,328,1125,15004,,34.6750,,0.0000,0.0000
25014,10,2,0,225014,10,50008,9,,468,1350,15004,,39.0250,,0.0000,0.0000
25014,11,2,0,225014,11,50008,10,,719,1575,15004,,43.3750,,0.0000,0.0000
25014,12,2,0,225014,12,50008,11,,1046,1800,15004,,47.7250,,0.0000,0.0000
25014,13,2,0,225014,13,50008,12,,1432,2250,15004,,52.0750,,0.0000,0.0000
25014,14,2,0,225014,14,50008,13,,2058,2700,15004,,56.4250,,0.0000,0.0000
25014,15,2,0,225014,15,50008,14,,2801,3150,15004,,60.7750,,0.0000,0.0000
25014,16,2,0,225014,16,50008,15,,3978,4950,15004,,65.1250,,0.0000,0.0000
25014,17,2,0,225014,17,50008,16,,5273,6750,15004,,69.4750,,0.0000,0.0000
25014,18,2,0,225014,18,50008,17,,6968,9000,15004,,73.8250,,0.0000,0.0000
25014,19,2,0,225014,19,50008,18,,8913,12600,15004,,78.1750,,0.0000,0.0000
25014,20,2,0,225014,20,50008,19,,11547,16200,15004,,82.5250,,0.0000,0.0000
25014,21,2,0,225014,21,50008,20,,14907,19800,15004,,86.8750,,0.0000,0.0000
25014,22,2,0,225014,22,50008,21,,18424,23400,15004,,91.2250,,0.0000,0.0000
25014,23,2,0,225014,23,50008,22,,22394,27000,15004,,95.5750,,0.0000,0.0000
25014,24,2,0,225014,24,50008,23,,26849,31500,15004,,99.9250,,0.0000,0.0000
25014,25,2,0,225014,25,50008,24,,31821,36000,15004,,104.2750,,0.0000,0.0000
25014,26,2,0,225014,26,50008,25,,38597,40500,15004,,108.6250,,0.0000,0.0000
25014,27,2,0,225014,27,50008,26,,45339,45000,15004,,112.9750,,0.0000,0.0000
25014,28,2,0,225014,28,50008,27,,52818,49500,15004,,117.3250,,0.0000,0.0000
25014,29,2,0,225014,29,50008,28,,61086,54000,15004,,121.6750,,0.0000,0.0000
25014,30,2,0,225014,30,50008,29,,70200,59400,15004,,126.0250,,0.0000,0.0000
25014,31,2,0,225014,31,50008,30,,82002,64800,15004,,130.3750,,0.0000,0.0000
25014,32,2,0,225014,32,50008,31,,93943,70200,15004,,134.7250,,0.0000,0.0000
25014,33,2,0,225014,33,50008,32,,107065,75600,15004,,139.0750,,0.0000,0.0000
25014,34,2,0,225014,34,50008,33,,121457,81000,15004,,143.4250,,0.0000,0.0000
25014,35,2,0,225014,35,50008,34,,137214,86400,15004,,147.7750,,0.0000,0.0000
25014,36,2,0,225014,36,50008,35,,157797,91800,15004,,152.1250,,0.0000,0.0000
25014,37,2,0,225014,37,50008,36,,177014,97200,15004,,156.4750,,0.0000,0.0000
25014,38,2,0,225014,38,50008,37,,199105,102600,15004,,160.8250,,0.0000,0.0000
25014,39,2,0,225014,39,50008,38,,223242,108000,15004,,165.1750,,0.0000,0.0000
25014,40,2,0,225014,40,50008,39,,254213,113400,15004,,169.5250,,0.0000,0.0000
25014,41,2,0,225014,41,50008,40,,294408,119700,15004,,173.8750,,0.0000,0.0000
25014,42,2,0,225014,42,50008,41,,332621,126000,15004,,178.2250,,0.0000,0.0000
25014,43,2,0,225014,43,50008,42,,374558,132300,15004,,182.5750,,0.0000,0.0000
25014,44,2,0,225014,44,50008,43,,420548,138600,15004,,186.9250,,0.0000,0.0000
25014,45,2,0,225014,45,50008,44,,475020,144900,15004,,191.2750,,0.0000,0.0000
25014,46,2,0,225014,46,50008,45,,546116,151200,15004,,195.4457,,0.0000,0.0000
25014,47,2,0,225014,47,50008,46,,613441,157500,15004,,199.6163,,0.0000,0.0000
25014,48,2,0,225014,48,50008,47,,687490,163800,15004,,203.7869,,0.0000,0.0000
25014,49,2,0,225014,49,50008,48,,768932,170100,15004,,207.9575,,0.0000,0.0000
25014,50,2,0,225014,50,50008,49,,858527,176400,15004,,212.1281,,0.0000,0.0000
25015,1,2,0,225015,1,50009,0,,180,18,15003,,,200.1472,0.0000,0.0000
25015,2,2,0,225015,2,50009,1,,218,180,15003,,,399.7354,0.0000,0.0000
25015,3,2,0,225015,3,50009,2,,260,360,15003,,,599.3237,0.0000,0.0000
25015,4,2,0,225015,4,50009,3,,305,540,15003,,,798.9119,0.0000,0.0000
25015,5,2,0,225015,5,50009,4,,354,720,15003,,,998.5002,0.0000,0.0000
25015,6,2,0,225015,6,50009,5,,428,900,15003,,,1259.5002,0.0000,0.0000
25015,7,2,0,225015,7,50009,6,,499,1350,15003,,,1520.5003,0.0000,0.0000
25015,8,2,0,225015,8,50009,7,,575,1800,15003,,,1781.5003,0.0000,0.0000
25015,9,2,0,225015,9,50009,8,,656,2250,15003,,,2042.5004,0.0000,0.0000
25015,10,2,0,225015,10,50009,9,,935,2700,15003,,,2303.5004,0.0000,0.0000
25015,11,2,0,225015,11,50009,10,,1439,3150,15003,,,2564.5005,0.0000,0.0000
25015,12,2,0,225015,12,50009,11,,2092,3600,15003,,,2825.5005,0.0000,0.0000
25015,13,2,0,225015,13,50009,12,,2864,4500,15003,,,3086.5006,0.0000,0.0000
25015,14,2,0,225015,14,50009,13,,4116,5400,15003,,,3347.5007,0.0000,0.0000
25015,15,2,0,225015,15,50009,14,,5603,6300,15003,,,3608.5007,0.0000,0.0000
25015,16,2,0,225015,16,50009,15,,7956,9900,15003,,,3869.5008,0.0000,0.0000
25015,17,2,0,225015,17,50009,16,,10546,13500,15003,,,4130.5008,0.0000,0.0000
25015,18,2,0,225015,18,50009,17,,13937,18000,15003,,,4391.5009,0.0000,0.0000
25015,19,2,0,225015,19,50009,18,,17827,25200,15003,,,4652.5009,0.0000,0.0000
25015,20,2,0,225015,20,50009,19,,23093,32400,15003,,,4913.5010,0.0000,0.0000
25015,21,2,0,225015,21,50009,20,,29814,39600,15003,,,5174.5010,0.0000,0.0000
25015,22,2,0,225015,22,50009,21,,36848,46800,15003,,,5435.5011,0.0000,0.0000
25015,23,2,0,225015,23,50009,22,,44789,54000,15003,,,5696.5011,0.0000,0.0000
25015,24,2,0,225015,24,50009,23,,53699,63000,15003,,,5957.5012,0.0000,0.0000
25015,25,2,0,225015,25,50009,24,,63643,72000,15003,,,6218.5012,0.0000,0.0000
25015,26,2,0,225015,26,50009,25,,77194,81000,15003,,,6479.5013,0.0000,0.0000
25015,27,2,0,225015,27,50009,26,,90678,90000,15003,,,6740.5013,0.0000,0.0000
25015,28,2,0,225015,28,50009,27,,105636,99000,15003,,,7001.5014,0.0000,0.0000
25015,29,2,0,225015,29,50009,28,,122173,108000,15003,,,7262.5014,0.0000,0.0000
25015,30,2,0,225015,30,50009,29,,140400,118800,15003,,,7523.5015,0.0000,0.0000
25015,31,2,0,225015,31,50009,30,,164004,129600,15003,,,7784.5015,0.0000,0.0000
25015,32,2,0,225015,32,50009,31,,187885,140400,15003,,,8045.5016,0.0000,0.0000
25015,33,2,0,225015,33,50009,32,,214130,151200,15003,,,8306.5016,0.0000,0.0000
25015,34,2,0,225015,34,50009,33,,242914,162000,15003,,,8567.5017,0.0000,0.0000
25015,35,2,0,225015,35,50009,34,,274428,172800,15003,,,8828.5017,0.0000,0.0000
25015,36,2,0,225015,36,50009,35,,315594,183600,15003,,,9089.5018,0.0000,0.0000
25015,37,2,0,225015,37,50009,36,,354028,194400,15003,,,9350.5019,0.0000,0.0000
25015,38,2,0,225015,38,50009,37,,398210,205200,15003,,,9611.5019,0.0000,0.0000
25015,39,2,0,225015,39,50009,38,,446484,216000,15003,,,9872.5020,0.0000,0.0000
25015,40,2,0,225015,40,50009,39,,508425,226800,15003,,,10133.5020,0.0000,0.0000
25015,41,2,0,225015,41,50009,40,,588816,239400,15003,,,10394.5021,0.0000,0.0000
25015,42,2,0,225015,42,50009,41,,665242,252000,15003,,,10655.5021,0.0000,0.0000
25015,43,2,0,225015,43,50009,42,,749115,264600,15003,,,10916.5022,0.0000,0.0000
25015,44,2,0,225015,44,50009,43,,841097,277200,15003,,,11177.5022,0.0000,0.0000
25015,45,2,0,225015,45,50009,44,,950040,289800,15003,,,11438.5023,0.0000,0.0000
25015,46,2,0,225015,46,50009,45,,1092232,302400,15003,,,11688.7394,0.0000,0.0000
25015,47,2,0,225015,47,50009,46,,1226883,315000,15003,,,11938.9766,0.0000,0.0000
25015,48,2,0,225015,48,50009,47,,1374979,327600,15003,,,12189.2138,0.0000,0.0000
25015,49,2,0,225015,49,50009,48,,1537864,340200,15003,,,12439.4509,0.0000,0.0000
25015,50,2,0,225015,50,50009,49,,1717055,352800,15003,,,12689.6881,0.0000,0.0000
25016,1,2,0,225016,1,50010,0,,180,18,15003,6.9382,,,0.0000,0.0000
25016,2,2,0,225016,2,50010,1,,218,180,15003,13.5912,,,0.0000,0.0000
25016,3,2,0,225016,3,50010,2,,260,360,15003,20.2441,,,0.0000,0.0000
25016,4,2,0,225016,4,50010,3,,305,540,15003,26.8971,,,0.0000,0.0000
25016,5,2,0,225016,5,50010,4,,354,720,15003,33.5500,,,0.0000,0.0000
25016,6,2,0,225016,6,50010,5,,428,900,15003,42.2500,,,0.0000,0.0000
25016,7,2,0,225016,7,50010,6,,499,1350,15003,50.9500,,,0.0000,0.0000
25016,8,2,0,225016,8,50010,7,,575,1800,15003,59.6500,,,0.0000,0.0000
25016,9,2,0,225016,9,50010,8,,656,2250,15003,68.3500,,,0.0000,0.0000
25016,10,2,0,225016,10,50010,9,,935,2700,15003,77.0500,,,0.0000,0.0000
25016,11,2,0,225016,11,50010,10,,1439,3150,15003,85.7500,,,0.0000,0.0000
25016,12,2,0,225016,12,50010,11,,2092,3600,15003,94.4500,,,0.0000,0.0000
25016,13,2,0,225016,13,50010,12,,2864,4500,15003,103.1500,,,0.0000,0.0000
25016,14,2,0,225016,14,50010,13,,4116,5400,15003,111.8500,,,0.0000,0.0000
25016,15,2,0,225016,15,50010,14,,5603,6300,15003,120.5500,,,0.0000,0.0000
25016,16,2,0,225016,16,50010,15,,7956,9900,15003,129.2500,,,0.0000,0.0000
25016,17,2,0,225016,17,50010,16,,10546,13500,15003,137.9500,,,0.0000,0.0000
25016,18,2,0,225016,18,50010,17,,13937,18000,15003,146.6500,,,0.0000,0.0000
25016,19,2,0,225016,19,50010,18,,17827,25200,15003,155.3500,,,0.0000,0.0000
25016,20,2,0,225016,20,50010,19,,23093,32400,15003,164.0500,,,0.0000,0.0000
25016,21,2,0,225016,21,50010,20,,29814,39600,15003,172.7500,,,0.0000,0.0000
25016,22,2,0,225016,22,50010,21,,36848,46800,15003,181.4500,,,0.0000,0.0000
25016,23,2,0,225016,23,50010,22,,44789,54000,15003,190.1500,,,0.0000,0.0000
25016,24,2,0,225016,24,50010,23,,53699,63000,15003,198.8500,,,0.0000,0.0000
25016,25,2,0,225016,25,50010,24,,63643,72000,15003,207.5500,,,0.0000,0.0000
25016,26,2,0,225016,26,50010,25,,77194,81000,15003,216.2500,,,0.0000,0.0000
25016,27,2,0,225016,27,50010,26,,90678,90000,15003,224.9500,,,0.0000,0.0000
25016,28,2,0,225016,28,50010,27,,105636,99000,15003,233.6500,,,0.0000,0.0000
25016,29,2,0,225016,29,50010,28,,122173,108000,15003,242.3500,,,0.0000,0.0000
25016,30,2,0,225016,30,50010,29,,140400,118800,15003,251.0500,,,0.0000,0.0000
25016,31,2,0,225016,31,50010,30,,164004,129600,15003,259.7501,,,0.0000,0.0000
25016,32,2,0,225016,32,50010,31,,187885,140400,15003,268.4501,,,0.0000,0.0000
25016,33,2,0,225016,33,50010,32,,214130,151200,15003,277.1501,,,0.0000,0.0000
25016,34,2,0,225016,34,50010,33,,242914,162000,15003,285.8501,,,0.0000,0.0000
25016,35,2,0,225016,35,50010,34,,274428,172800,15003,294.5501,,,0.0000,0.0000
25016,36,2,0,225016,36,50010,35,,315594,183600,15003,303.2501,,,0.0000,0.0000
25016,37,2,0,225016,37,50010,36,,354028,194400,15003,311.9501,,,0.0000,0.0000
25016,38,2,0,225016,38,50010,37,,398210,205200,15003,320.6501,,,0.0000,0.0000
25016,39,2,0,225016,39,50010,38,,446484,216000,15003,329.3501,,,0.0000,0.0000
25016,40,2,0,225016,40,50010,39,,508425,226800,15003,338.0501,,,0.0000,0.0000
25016,41,2,0,225016,41,50010,40,,588816,239400,15003,346.7501,,,0.0000,0.0000
25016,42,2,0,225016,42,50010,41,,665242,252000,15003,355.4501,,,0.0000,0.0000
25016,43,2,0,225016,43,50010,42,,749115,264600,15003,364.1501,,,0.0000,0.0000
25016,44,2,0,225016,44,50010,43,,841097,277200,15003,372.8501,,,0.0000,0.0000
25016,45,2,0,225016,45,50010,44,,950040,289800,15003,381.5501,,,0.0000,0.0000
25016,46,2,0,225016,46,50010,45,,1092232,302400,15003,389.8913,,,0.0000,0.0000
25016,47,2,0,225016,47,50010,46,,1226883,315000,15003,398.2326,,,0.0000,0.0000
25016,48,2,0,225016,48,50010,47,,1374979,327600,15003,406.5738,,,0.0000,0.0000
25016,49,2,0,225016,49,50010,48,,1537864,340200,15003,414.9150,,,0.0000,0.0000
25016,50,2,0,225016,50,50010,49,,1717055,352800,15003,423.2563,,,0.0000,0.0000
25017,1,2,0,225017,1,50011,0,,90,9,15003,,3.9691,,0.0000,0.0000
25017,2,2,0,225017,2,50011,1,,109,90,15003,,7.2956,,0.0000,0.0000
25017,3,2,0,225017,3,50011,2,,130,180,15003,,10.6221,,0.0000,0.0000
25017,4,2,0,225017,4,50011,3,,153,270,15003,,13.9485,,0.0000,0.0000
25017,5,2,0,225017,5,50011,4,,177,360,15003,,17.2750,,0.0000,0.0000
25017,6,2,0,225017,6,50011,5,,214,450,15003,,21.6250,,0.0000,0.0000
25017,7,2,0,225017,7,50011,6,,249,675,15003,,25.9750,,0.0000,0.0000
25017,8,2,0,225017,8,50011,7,,287,900,15003,,30.3250,,0.0000,0.0000
25017,9,2,0,225017,9,50011,8,,328,1125,15003,,34.6750,,0.0000,0.0000
25017,10,2,0,225017,10,50011,9,,468,1350,15003,,39.0250,,0.0000,0.0000
25017,11,2,0,225017,11,50011,10,,719,1575,15003,,43.3750,,0.0000,0.0000
25017,12,2,0,225017,12,50011,11,,1046,1800,15003,,47.7250,,0.0000,0.0000
25017,13,2,0,225017,13,50011,12,,1432,2250,15003,,52.0750,,0.0000,0.0000
25017,14,2,0,225017,14,50011,13,,2058,2700,15003,,56.4250,,0.0000,0.0000
25017,15,2,0,225017,15,50011,14,,2801,3150,15003,,60.7750,,0.0000,0.0000
25017,16,2,0,225017,16,50011,15,,3978,4950,15003,,65.1250,,0.0000,0.0000
25017,17,2,0,225017,17,50011,16,,5273,6750,15003,,69.4750,,0.0000,0.0000
25017,18,2,0,225017,18,50011,17,,6968,9000,15003,,73.8250,,0.0000,0.0000
25017,19,2,0,225017,19,50011,18,,8913,12600,15003,,78.1750,,0.0000,0.0000
25017,20,2,0,225017,20,50011,19,,11547,16200,15003,,82.5250,,0.0000,0.0000
25017,21,2,0,225017,21,50011,20,,14907,19800,15003,,86.8750,,0.0000,0.0000
25017,22,2,0,225017,22,50011,21,,18424,23400,15003,,91.2250,,0.0000,0.0000
25017,23,2,0,225017,23,50011,22,,22394,27000,15003,,95.5750,,0.0000,0.0000
25017,24,2,0,225017,24,50011,23,,26849,31500,15003,,99.9250,,0.0000,0.0000
25017,25,2,0,225017,25,50011,24,,31821,36000,15003,,104.2750,,0.0000,0.0000
25017,26,2,0,225017,26,50011,25,,38597,40500,15003,,108.6250,,0.0000,0.0000
25017,27,2,0,225017,27,50011,26,,45339,45000,15003,,112.9750,,0.0000,0.0000
25017,28,2,0,225017,28,50011,27,,52818,49500,15003,,117.3250,,0.0000,0.0000
25017,29,2,0,225017,29,50011,28,,61086,54000,15003,,121.6750,,0.0000,0.0000
25017,30,2,0,225017,30,50011,29,,70200,59400,15003,,126.0250,,0.0000,0.0000
25017,31,2,0,225017,31,50011,30,,82002,64800,15003,,130.3750,,0.0000,0.0000
25017,32,2,0,225017,32,50011,31,,93943,70200,15003,,134.7250,,0.0000,0.0000
25017,33,2,0,225017,33,50011,32,,107065,75600,15003,,139.0750,,0.0000,0.0000
25017,34,2,0,225017,34,50011,33,,121457,81000,15003,,143.4250,,0.0000,0.0000
25017,35,2,0,225017,35,50011,34,,137214,86400,15003,,147.7750,,0.0000,0.0000
25017,36,2,0,225017,36,50011,35,,157797,91800,15003,,152.1250,,0.0000,0.0000
25017,37,2,0,225017,37,50011,36,,177014,97200,15003,,156.4750,,0.0000,0.0000
25017,38,2,0,225017,38,50011,37,,199105,102600,15003,,160.8250,,0.0000,0.0000
25017,39,2,0,225017,39,50011,38,,223242,108000,15003,,165.1750,,0.0000,0.0000
25017,40,2,0,225017,40,50011,39,,254213,113400,15003,,169.5250,,0.0000,0.0000
25017,41,2,0,225017,41,50011,40,,294408,119700,15003,,173.8750,,0.0000,0.0000
25017,42,2,0,225017,42,50011,41,,332621,126000,15003,,178.2250,,0.0000,0.0000
25017,43,2,0,225017,43,50011,42,,374558,132300,15003,,182.5750,,0.0000,0.0000
25017,44,2,0,225017,44,50011,43,,420548,138600,15003,,186.9250,,0.0000,0.0000
25017,45,2,0,225017,45,50011,44,,475020,144900,15003,,191.2750,,0.0000,0.0000
25017,46,2,0,225017,46,50011,45,,546116,151200,15003,,195.4457,,0.0000,0.0000
25017,47,2,0,225017,47,50011,46,,613441,157500,15003,,199.6163,,0.0000,0.0000
25017,48,2,0,225017,48,50011,47,,687490,163800,15003,,203.7869,,0.0000,0.0000
25017,49,2,0,225017,49,50011,48,,768932,170100,15003,,207.9575,,0.0000,0.0000
25017,50,2,0,225017,50,50011,49,,858527,176400,15003,,212.1281,,0.0000,0.0000
25018,1,2,0,225018,1,50009,0,,180,18,15005,,,200.1472,0.0000,0.0000
25018,2,2,0,225018,2,50009,1,,218,180,15005,,,399.7354,0.0000,0.0000
25018,3,2,0,225018,3,50009,2,,260,360,15005,,,599.3237,0.0000,0.0000
25018,4,2,0,225018,4,50009,3,,305,540,15005,,,798.9119,0.0000,0.0000
25018,5,2,0,225018,5,50009,4,,354,720,15005,,,998.5002,0.0000,0.0000
25018,6,2,0,225018,6,50009,5,,428,900,15005,,,1259.5002,0.0000,0.0000
25018,7,2,0,225018,7,50009,6,,499,1350,15005,,,1520.5003,0.0000,0.0000
25018,8,2,0,225018,8,50009,7,,575,1800,15005,,,1781.5003,0.0000,0.0000
25018,9,2,0,225018,9,50009,8,,656,2250,15005,,,2042.5004,0.0000,0.0000
25018,10,2,0,225018,10,50009,9,,935,2700,15005,,,2303.5004,0.0000,0.0000
25018,11,2,0,225018,11,50009,10,,1439,3150,15005,,,2564.5005,0.0000,0.0000
25018,12,2,0,225018,12,50009,11,,2092,3600,15005,,,2825.5005,0.0000,0.0000
25018,13,2,0,225018,13,50009,12,,2864,4500,15005,,,3086.5006,0.0000,0.0000
25018,14,2,0,225018,14,50009,13,,4116,5400,15005,,,3347.5007,0.0000,0.0000
25018,15,2,0,225018,15,50009,14,,5603,6300,15005,,,3608.5007,0.0000,0.0000
25018,16,2,0,225018,16,50009,15,,7956,9900,15005,,,3869.5008,0.0000,0.0000
25018,17,2,0,225018,17,50009,16,,10546,13500,15005,,,4130.5008,0.0000,0.0000
25018,18,2,0,225018,18,50009,17,,13937,18000,15005,,,4391.5009,0.0000,0.0000
25018,19,2,0,225018,19,50009,18,,17827,25200,15005,,,4652.5009,0.0000,0.0000
25018,20,2,0,225018,20,50009,19,,23093,32400,15005,,,4913.5010,0.0000,0.0000
25018,21,2,0,225018,21,50009,20,,29814,39600,15005,,,5174.5010,0.0000,0.0000
25018,22,2,0,225018,22,50009,21,,36848,46800,15005,,,5435.5011,0.0000,0.0000
25018,23,2,0,225018,23,50009,22,,44789,54000,15005,,,5696.5011,0.0000,0.0000
25018,24,2,0,225018,24,50009,23,,53699,63000,15005,,,5957.5012,0.0000,0.0000
25018,25,2,0,225018,25,50009,24,,63643,72000,15005,,,6218.5012,0.0000,0.0000
25018,26,2,0,225018,26,50009,25,,77194,81000,15005,,,6479.5013,0.0000,0.0000
25018,27,2,0,225018,27,50009,26,,90678,90000,15005,,,6740.5013,0.0000,0.0000
25018,28,2,0,225018,28,50009,27,,105636,99000,15005,,,7001.5014,0.0000,0.0000
25018,29,2,0,225018,29,50009,28,,122173,108000,15005,,,7262.5014,0.0000,0.0000
25018,30,2,0,225018,30,50009,29,,140400,118800,15005,,,7523.5015,0.0000,0.0000
25018,31,2,0,225018,31,50009,30,,164004,129600,15005,,,7784.5015,0.0000,0.0000
25018,32,2,0,225018,32,50009,31,,187885,140400,15005,,,8045.5016,0.0000,0.0000
25018,33,2,0,225018,33,50009,32,,214130,151200,15005,,,8306.5016,0.0000,0.0000
25018,34,2,0,225018,34,50009,33,,242914,162000,15005,,,8567.5017,0.0000,0.0000
25018,35,2,0,225018,35,50009,34,,274428,172800,15005,,,8828.5017,0.0000,0.0000
25018,36,2,0,225018,36,50009,35,,315594,183600,15005,,,9089.5018,0.0000,0.0000
25018,37,2,0,225018,37,50009,36,,354028,194400,15005,,,9350.5019,0.0000,0.0000
25018,38,2,0,225018,38,50009,37,,398210,205200,15005,,,9611.5019,0.0000,0.0000
25018,39,2,0,225018,39,50009,38,,446484,216000,15005,,,9872.5020,0.0000,0.0000
25018,40,2,0,225018,40,50009,39,,508425,226800,15005,,,10133.5020,0.0000,0.0000
25018,41,2,0,225018,41,50009,40,,588816,239400,15005,,,10394.5021,0.0000,0.0000
25018,42,2,0,225018,42,50009,41,,665242,252000,15005,,,10655.5021,0.0000,0.0000
25018,43,2,0,225018,43,50009,42,,749115,264600,15005,,,10916.5022,0.0000,0.0000
25018,44,2,0,225018,44,50009,43,,841097,277200,15005,,,11177.5022,0.0000,0.0000
25018,45,2,0,225018,45,50009,44,,950040,289800,15005,,,11438.5023,0.0000,0.0000
25018,46,2,0,225018,46,50009,45,,1092232,302400,15005,,,11688.7394,0.0000,0.0000
25018,47,2,0,225018,47,50009,46,,1226883,315000,15005,,,11938.9766,0.0000,0.0000
25018,48,2,0,225018,48,50009,47,,1374979,327600,15005,,,12189.2138,0.0000,0.0000
25018,49,2,0,225018,49,50009,48,,1537864,340200,15005,,,12439.4509,0.0000,0.0000
25018,50,2,0,225018,50,50009,49,,1717055,352800,15005,,,12689.6881,0.0000,0.0000
25019,1,2,0,225019,1,50010,0,,180,18,15005,6.9382,,,0.0000,0.0000
25019,2,2,0,225019,2,50010,1,,218,180,15005,13.5912,,,0.0000,0.0000
25019,3,2,0,225019,3,50010,2,,260,360,15005,20.2441,,,0.0000,0.0000
25019,4,2,0,225019,4,50010,3,,305,540,15005,26.8971,,,0.0000,0.0000
25019,5,2,0,225019,5,50010,4,,354,720,15005,33.5500,,,0.0000,0.0000
25019,6,2,0,225019,6,50010,5,,428,900,15005,42.2500,,,0.0000,0.0000
25019,7,2,0,225019,7,50010,6,,499,1350,15005,50.9500,,,0.0000,0.0000
25019,8,2,0,225019,8,50010,7,,575,1800,15005,59.6500,,,0.0000,0.0000
25019,9,2,0,225019,9,50010,8,,656,2250,15005,68.3500,,,0.0000,0.0000
25019,10,2,0,225019,10,50010,9,,935,2700,15005,77.0500,,,0.0000,0.0000
25019,11,2,0,225019,11,50010,10,,1439,3150,15005,85.7500,,,0.0000,0.0000
25019,12,2,0,225019,12,50010,11,,2092,3600,15005,94.4500,,,0.0000,0.0000
25019,13,2,0,225019,13,50010,12,,2864,4500,15005,103.1500,,,0.0000,0.0000
25019,14,2,0,225019,14,50010,13,,4116,5400,15005,111.8500,,,0.0000,0.0000
25019,15,2,0,225019,15,50010,14,,5603,6300,15005,120.5500,,,0.0000,0.0000
25019,16,2,0,225019,16,50010,15,,7956,9900,15005,129.2500,,,0.0000,0.0000
25019,17,2,0,225019,17,50010,16,,10546,13500,15005,137.9500,,,0.0000,0.0000
25019,18,2,0,225019,18,50010,17,,13937,18000,15005,146.6500,,,0.0000,0.0000
25019,19,2,0,225019,19,50010,18,,17827,25200,15005,155.3500,,,0.0000,0.0000
25019,20,2,0,225019,20,50010,19,,23093,32400,15005,164.0500,,,0.0000,0.0000
25019,21,2,0,225019,21,50010,20,,29814,39600,15005,172.7500,,,0.0000,0.0000
25019,22,2,0,225019,22,50010,21,,36848,46800,15005,181.4500,,,0.0000,0.0000
25019,23,2,0,225019,23,50010,22,,44789,54000,15005,190.1500,,,0.0000,0.0000
25019,24,2,0,225019,24,50010,23,,53699,63000,15005,198.8500,,,0.0000,0.0000
25019,25,2,0,225019,25,50010,24,,63643,72000,15005,207.5500,,,0.0000,0.0000
25019,26,2,0,225019,26,50010,25,,77194,81000,15005,216.2500,,,0.0000,0.0000
25019,27,2,0,225019,27,50010,26,,90678,90000,15005,224.9500,,,0.0000,0.0000
25019,28,2,0,225019,28,50010,27,,105636,99000,15005,233.6500,,,0.0000,0.0000
25019,29,2,0,225019,29,50010,28,,122173,108000,15005,242.3500,,,0.0000,0.0000
25019,30,2,0,225019,30,50010,29,,140400,118800,15005,251.0500,,,0.0000,0.0000
25019,31,2,0,225019,31,50010,30,,164004,129600,15005,259.7501,,,0.0000,0.0000
25019,32,2,0,225019,32,50010,31,,187885,140400,15005,268.4501,,,0.0000,0.0000
25019,33,2,0,225019,33,50010,32,,214130,151200,15005,277.1501,,,0.0000,0.0000
25019,34,2,0,225019,34,50010,33,,242914,162000,15005,285.8501,,,0.0000,0.0000
25019,35,2,0,225019,35,50010,34,,274428,172800,15005,294.5501,,,0.0000,0.0000
25019,36,2,0,225019,36,50010,35,,315594,183600,15005,303.2501,,,0.0000,0.0000
25019,37,2,0,225019,37,50010,36,,354028,194400,15005,311.9501,,,0.0000,0.0000
25019,38,2,0,225019,38,50010,37,,398210,205200,15005,320.6501,,,0.0000,0.0000
25019,39,2,0,225019,39,50010,38,,446484,216000,15005,329.3501,,,0.0000,0.0000
25019,40,2,0,225019,40,50010,39,,508425,226800,15005,338.0501,,,0.0000,0.0000
25019,41,2,0,225019,41,50010,40,,588816,239400,15005,346.7501,,,0.0000,0.0000
25019,42,2,0,225019,42,50010,41,,665242,252000,15005,355.4501,,,0.0000,0.0000
25019,43,2,0,225019,43,50010,42,,749115,264600,15005,364.1501,,,0.0000,0.0000
25019,44,2,0,225019,44,50010,43,,841097,277200,15005,372.8501,,,0.0000,0.0000
25019,45,2,0,225019,45,50010,44,,950040,289800,15005,381.5501,,,0.0000,0.0000
25019,46,2,0,225019,46,50010,45,,1092232,302400,15005,389.8913,,,0.0000,0.0000
25019,47,2,0,225019,47,50010,46,,1226883,315000,15005,398.2326,,,0.0000,0.0000
25019,48,2,0,225019,48,50010,47,,1374979,327600,15005,406.5738,,,0.0000,0.0000
25019,49,2,0,225019,49,50010,48,,1537864,340200,15005,414.9150,,,0.0000,0.0000
25019,50,2,0,225019,50,50010,49,,1717055,352800,15005,423.2563,,,0.0000,0.0000
25020,1,2,0,225020,1,50011,0,,90,9,15005,,3.9691,,0.0000,0.0000
25020,2,2,0,225020,2,50011,1,,109,90,15005,,7.2956,,0.0000,0.0000
25020,3,2,0,225020,3,50011,2,,130,180,15005,,10.6221,,0.0000,0.0000
25020,4,2,0,225020,4,50011,3,,153,270,15005,,13.9485,,0.0000,0.0000
25020,5,2,0,225020,5,50011,4,,177,360,15005,,17.2750,,0.0000,0.0000
25020,6,2,0,225020,6,50011,5,,214,450,15005,,21.6250,,0.0000,0.0000
25020,7,2,0,225020,7,50011,6,,249,675,15005,,25.9750,,0.0000,0.0000
25020,8,2,0,225020,8,50011,7,,287,900,15005,,30.3250,,0.0000,0.0000
25020,9,2,0,225020,9,50011,8,,328,1125,15005,,34.6750,,0.0000,0.0000
25020,10,2,0,225020,10,50011,9,,468,1350,15005,,39.0250,,0.0000,0.0000
25020,11,2,0,225020,11,50011,10,,719,1575,15005,,43.3750,,0.0000,0.0000
25020,12,2,0,225020,12,50011,11,,1046,1800,15005,,47.7250,,0.0000,0.0000
25020,13,2,0,225020,13,50011,12,,1432,2250,15005,,52.0750,,0.0000,0.0000
25020,14,2,0,225020,14,50011,13,,2058,2700,15005,,56.4250,,0.0000,0.0000
25020,15,2,0,225020,15,50011,14,,2801,3150,15005,,60.7750,,0.0000,0.0000
25020,16,2,0,225020,16,50011,15,,3978,4950,15005,,65.1250,,0.0000,0.0000
25020,17,2,0,225020,17,50011,16,,5273,6750,15005,,69.4750,,0.0000,0.0000
25020,18,2,0,225020,18,50011,17,,6968,9000,15005,,73.8250,,0.0000,0.0000
25020,19,2,0,225020,19,50011,18,,8913,12600,15005,,78.1750,,0.0000,0.0000
25020,20,2,0,225020,20,50011,19,,11547,16200,15005,,82.5250,,0.0000,0.0000
25020,21,2,0,225020,21,50011,20,,14907,19800,15005,,86.8750,,0.0000,0.0000
25020,22,2,0,225020,22,50011,21,,18424,23400,15005,,91.2250,,0.0000,0.0000
25020,23,2,0,225020,23,50011,22,,22394,27000,15005,,95.5750,,0.0000,0.0000
25020,24,2,0,225020,24,50011,23,,26849,31500,15005,,99.9250,,0.0000,0.0000
25020,25,2,0,225020,25,50011,24,,31821,36000,15005,,104.2750,,0.0000,0.0000
25020,26,2,0,225020,26,50011,25,,38597,40500,15005,,108.6250,,0.0000,0.0000
25020,27,2,0,225020,27,50011,26,,45339,45000,15005,,112.9750,,0.0000,0.0000
25020,28,2,0,225020,28,50011,27,,52818,49500,15005,,117.3250,,0.0000,0.0000
25020,29,2,0,225020,29,50011,28,,61086,54000,15005,,121.6750,,0.0000,0.0000
25020,30,2,0,225020,30,50011,29,,70200,59400,15005,,126.0250,,0.0000,0.0000
25020,31,2,0,225020,31,50011,30,,82002,64800,15005,,130.3750,,0.0000,0.0000
25020,32,2,0,225020,32,50011,31,,93943,70200,15005,,134.7250,,0.0000,0.0000
25020,33,2,0,225020,33,50011,32,,107065,75600,15005,,139.0750,,0.0000,0.0000
25020,34,2,0,225020,34,50011,33,,121457,81000,15005,,143.4250,,0.0000,0.0000
25020,35,2,0,225020,35,50011,34,,137214,86400,15005,,147.7750,,0.0000,0.0000
25020,36,2,0,225020,36,50011,35,,157797,91800,15005,,152.1250,,0.0000,0.0000
25020,37,2,0,225020,37,50011,36,,177014,97200,15005,,156.4750,,0.0000,0.0000
25020,38,2,0,225020,38,50011,37,,199105,102600,15005,,160.8250,,0.0000,0.0000
25020,39,2,0,225020,39,50011,38,,223242,108000,15005,,165.1750,,0.0000,0.0000
25020,40,2,0,225020,40,50011,39,,254213,113400,15005,,169.5250,,0.0000,0.0000
25020,41,2,0,225020,41,50011,40,,294408,119700,15005,,173.8750,,0.0000,0.0000
25020,42,2,0,225020,42,50011,41,,332621,126000,15005,,178.2250,,0.0000,0.0000
25020,43,2,0,225020,43,50011,42,,374558,132300,15005,,182.5750,,0.0000,0.0000
25020,44,2,0,225020,44,50011,43,,420548,138600,15005,,186.9250,,0.0000,0.0000
25020,45,2,0,225020,45,50011,44,,475020,144900,15005,,191.2750,,0.0000,0.0000
25020,46,2,0,225020,46,50011,45,,546116,151200,15005,,195.4457,,0.0000,0.0000
25020,47,2,0,225020,47,50011,46,,613441,157500,15005,,199.6163,,0.0000,0.0000
25020,48,2,0,225020,48,50011,47,,687490,163800,15005,,203.7869,,0.0000,0.0000
25020,49,2,0,225020,49,50011,48,,768932,170100,15005,,207.9575,,0.0000,0.0000
25020,50,2,0,225020,50,50011,49,,858527,176400,15005,,212.1281,,0.0000,0.0000
